{"interventions":[{"description":"Pergunta quanto tempo você deseja passar no local nesta visita","displayname":"Bouncer","difficulty":"hard","content_scripts":[{"path":"/interventions/generic/block_after_interval_per_visit/frontend.js","run_at":"document_start"}],"parameters":[{"name":"cheatseconds","description":"Segundos para trapacear depois que o tempo acabar","default":30,"type":"int"}],"categories":["interstitial"],"generic_intervention":"generic/block_after_interval_per_visit","matches":["www.amazon.com"],"goals":["amazon/spend_less_time"],"name":"amazon/block_after_interval_per_visit","sitename":"amazon","sitename_printable":"Amazon","is_default":true},{"description":"Fecha a guia após 60 segundos","displayname":"1Min Assassin","difficulty":"hard","content_scripts":[{"path":"/interventions/generic/close_tab_timer/frontend.js","run_at":"document_start"}],"generic_intervention":"generic/close_tab_timer","matches":["www.amazon.com"],"goals":["amazon/spend_less_time"],"name":"amazon/close_tab_timer","sitename":"amazon","sitename_printable":"Amazon","is_default":true},{"description":"Esconder recomendação","displayname":"Sem recomendação","difficulty":"easy","matches":["www.amazon.com"],"content_scripts":["frontend.js"],"goals":["amazon/spend_less_time"],"name":"amazon/hide_recommendations","sitename":"amazon","sitename_printable":"Amazon","is_default":true},{"description":"Faz você esperar alguns segundos antes de visitar","difficulty":"hard","displayname":"GateKeeper","content_scripts":[{"path":"/interventions/generic/make_user_wait/frontend.js","run_at":"document_start"}],"parameters":[{"name":"seconds","description":"Segundos que o usuário deve esperar antes que a página carregue","default":5,"type":"int"}],"categories":["interstitial"],"generic_intervention":"generic/make_user_wait","matches":["www.amazon.com"],"goals":["amazon/spend_less_time"],"name":"amazon/make_user_wait","sitename":"amazon","sitename_printable":"Amazon","is_default":true},{"description":"Pergunta o que você pretende fazer com esta visita e o lembra","displayname":"Mission Goal","difficulty":"hard","content_scripts":[{"path":"/interventions/generic/prompt_reason/frontend.js","run_at":"document_start"}],"categories":["interstitial"],"generic_intervention":"generic/prompt_reason","matches":["www.amazon.com"],"goals":["amazon/spend_less_time"],"name":"amazon/prompt_reason","sitename":"amazon","sitename_printable":"Amazon","is_default":true},{"description":"Congela a rolagem após uma certa quantidade de rolagens","displayname":"Scroll Freezer","difficulty":"hard","content_scripts":[{"path":"/interventions/generic/scroll_blocker/frontend.js","run_at":"document_start"}],"parameters":[{"name":"scrollevents","description":"A quantidade de eventos de rolagem até que a notificação apareça novamente","default":750,"type":"int"}],"generic_intervention":"generic/scroll_blocker","matches":["www.amazon.com"],"goals":["amazon/spend_less_time"],"name":"amazon/scroll_blocker","sitename":"amazon","sitename_printable":"Amazon","is_default":true},{"description":"Mostra o tempo gasto no local na parte superior da tela","displayname":"Supervisor","difficulty":"easy","content_scripts":[{"path":"/interventions/generic/show_timer_banner/frontend.js","run_at":"document_start"}],"generic_intervention":"generic/show_timer_banner","matches":["www.amazon.com"],"goals":["amazon/spend_less_time"],"name":"amazon/show_timer_banner","sitename":"amazon","sitename_printable":"Amazon","is_default":true},{"description":"Mostra o tempo gasto e conta a cada visita","displayname":"Stat Banner","difficulty":"medium","content_scripts":[{"path":"/interventions/generic/show_user_info_banner/frontend.js","run_at":"document_start"}],"generic_intervention":"generic/show_user_info_banner","matches":["www.amazon.com"],"goals":["amazon/spend_less_time"],"name":"amazon/show_user_info_banner","sitename":"amazon","sitename_printable":"Amazon","is_default":true},{"description":"Mostra o tempo gasto e conta a cada visita","displayname":"Stat Whiz","difficulty":"hard","content_scripts":[{"path":"/interventions/generic/show_user_info_interstitial/frontend.js","run_at":"document_start"}],"categories":["interstitial"],"generic_intervention":"generic/show_user_info_interstitial","matches":["www.amazon.com"],"goals":["amazon/spend_less_time"],"name":"amazon/show_user_info_interstitial","sitename":"amazon","sitename_printable":"Amazon","is_default":true},{"description":"Notifica você sobre o tempo gasto a cada minuto","displayname":"Minute Watch","difficulty":"easy","content_scripts":[{"path":"/interventions/generic/toast_notifications/frontend.js","run_at":"document_start"}],"generic_intervention":"generic/toast_notifications","matches":["www.amazon.com"],"goals":["amazon/spend_less_time"],"name":"amazon/toast_notifications","sitename":"amazon","sitename_printable":"Amazon","is_default":true},{"description":"Pergunta quanto tempo você deseja passar no local nesta visita","displayname":"Bouncer","difficulty":"hard","content_scripts":[{"path":"/interventions/generic/block_after_interval_per_visit/frontend.js","run_at":"document_start"}],"parameters":[{"name":"cheatseconds","description":"Segundos para trapacear depois que o tempo acabar","default":30,"type":"int"}],"categories":["interstitial"],"generic_intervention":"generic/block_after_interval_per_visit","matches":["www.buzzfeed.com"],"goals":["buzzfeed/spend_less_time"],"name":"buzzfeed/block_after_interval_per_visit","sitename":"buzzfeed","sitename_printable":"Buzzfeed","is_default":true},{"description":"Fecha a guia após 60 segundos","displayname":"1Min Assassin","difficulty":"hard","content_scripts":[{"path":"/interventions/generic/close_tab_timer/frontend.js","run_at":"document_start"}],"generic_intervention":"generic/close_tab_timer","matches":["www.buzzfeed.com"],"goals":["buzzfeed/spend_less_time"],"name":"buzzfeed/close_tab_timer","sitename":"buzzfeed","sitename_printable":"Buzzfeed","is_default":true},{"description":"Faz você esperar alguns segundos antes de visitar","difficulty":"hard","displayname":"GateKeeper","content_scripts":[{"path":"/interventions/generic/make_user_wait/frontend.js","run_at":"document_start"}],"parameters":[{"name":"seconds","description":"Segundos que o usuário deve esperar antes que a página carregue","default":5,"type":"int"}],"categories":["interstitial"],"generic_intervention":"generic/make_user_wait","matches":["www.buzzfeed.com"],"goals":["buzzfeed/spend_less_time"],"name":"buzzfeed/make_user_wait","sitename":"buzzfeed","sitename_printable":"Buzzfeed","is_default":true},{"description":"Pergunta o que você pretende fazer com esta visita e o lembra","displayname":"Mission Goal","difficulty":"hard","content_scripts":[{"path":"/interventions/generic/prompt_reason/frontend.js","run_at":"document_start"}],"categories":["interstitial"],"generic_intervention":"generic/prompt_reason","matches":["www.buzzfeed.com"],"goals":["buzzfeed/spend_less_time"],"name":"buzzfeed/prompt_reason","sitename":"buzzfeed","sitename_printable":"Buzzfeed","is_default":true},{"description":"Congela a rolagem após uma certa quantidade de rolagens","displayname":"Scroll Freezer","difficulty":"hard","content_scripts":[{"path":"/interventions/generic/scroll_blocker/frontend.js","run_at":"document_start"}],"parameters":[{"name":"scrollevents","description":"A quantidade de eventos de rolagem até que a notificação apareça novamente","default":750,"type":"int"}],"generic_intervention":"generic/scroll_blocker","matches":["www.buzzfeed.com"],"goals":["buzzfeed/spend_less_time"],"name":"buzzfeed/scroll_blocker","sitename":"buzzfeed","sitename_printable":"Buzzfeed","is_default":true},{"description":"Mostra o tempo gasto no local na parte superior da tela","displayname":"Supervisor","difficulty":"easy","content_scripts":[{"path":"/interventions/generic/show_timer_banner/frontend.js","run_at":"document_start"}],"generic_intervention":"generic/show_timer_banner","matches":["www.buzzfeed.com"],"goals":["buzzfeed/spend_less_time"],"name":"buzzfeed/show_timer_banner","sitename":"buzzfeed","sitename_printable":"Buzzfeed","is_default":true},{"description":"Mostra o tempo gasto e conta a cada visita","displayname":"Stat Whiz","difficulty":"hard","content_scripts":[{"path":"/interventions/generic/show_user_info_interstitial/frontend.js","run_at":"document_start"}],"categories":["interstitial"],"generic_intervention":"generic/show_user_info_interstitial","matches":["www.buzzfeed.com"],"goals":["buzzfeed/spend_less_time"],"name":"buzzfeed/show_user_info_interstitial","sitename":"buzzfeed","sitename_printable":"Buzzfeed","is_default":true},{"description":"Notifica você sobre o tempo gasto a cada minuto","displayname":"Minute Watch","difficulty":"easy","content_scripts":[{"path":"/interventions/generic/toast_notifications/frontend.js","run_at":"document_start"}],"generic_intervention":"generic/toast_notifications","matches":["www.buzzfeed.com"],"goals":["buzzfeed/spend_less_time"],"name":"buzzfeed/toast_notifications","sitename":"buzzfeed","sitename_printable":"Buzzfeed","is_default":true},{"description":"Coloca periodicamente uma frase de chamariz no feed de notícias do Facebook","displayname":"Friendly Reminder","difficulty":"easy","matches":["www.calm.com"],"preview":"https://www.facebook.com","content_scripts":["/interventions/generic_positive/feed_injection_positive_goal_widget/frontend.js"],"icon":["icon.svg"],"generic_intervention":"generic_positive/feed_injection_positive_goal_widget","goals":["calm/just_breathe"],"name":"calm/feed_injection_positive_goal_widget","sitename":"calm","sitename_printable":"Calm","is_default":true},{"description":"Antes de visitar um site no qual deseja passar menos tempo, pergunta se você deseja ir para um site no qual deseja passar mais tempo ligado.","displayname":"Por que não ambos","difficulty":"easy","content_scripts":[{"path":"/interventions/generic_positive/suggest_positive_site_interstitial/frontend.js","run_at":"document_start"}],"preview":"https://www.reddit.com","matches_all":true,"categories":["interstitial","positive-site-trigger"],"generic_intervention":"generic_positive/suggest_positive_site_interstitial","matches":["www.calm.com"],"goals":["calm/just_breathe"],"name":"calm/suggest_positive_site_interstitial","sitename":"calm","sitename_printable":"Calm","is_default":true},{"description":"Este é um alerta falso usado na visualização de depuração","displayname":"Alerta falso","difficulty":"easy","name":"debug/fake_intervention","sitename":"debug","sitename_printable":"Debug","is_default":false},{"description":"Insira minha próxima aula do Duolingo em meu feed do Facebook","displayname":"Injetor de aula","difficulty":"easy","matches":["www.facebook.com"],"preview":"https://www.facebook.com","content_scripts":["frontend.js"],"goals":["duolingo/complete_lesson_each_day"],"name":"duolingo/facebook_feed_lesson_injection","sitename":"duolingo","sitename_printable":"Duolingo","is_default":true},{"description":"Substitua os anúncios da barra lateral do Facebook na minha próxima aula do Duolingo","displayname":"Trocar anúncios","difficulty":"easy","matches":["www.facebook.com"],"preview":"https://www.facebook.com","content_scripts":["frontend.js"],"goals":["duolingo/complete_lesson_each_day"],"name":"duolingo/facebook_replace_ads_with_lesson","sitename":"duolingo","sitename_printable":"Duolingo","is_default":true},{"description":"Substitua a barra lateral Iqiyi pela minha próxima aula de Duolingo","displayname":"Aprenda ao lado","difficulty":"easy","matches":["www.iqiyi.com"],"preview":"https://www.iqiyi.com/v_19rrb6fwsg.html","content_scripts":["frontend.js"],"goals":["duolingo/complete_lesson_each_day"],"name":"duolingo/iqiyi_sidebar_lesson","sitename":"duolingo","sitename_printable":"Duolingo","is_default":true},{"description":"Substitua a barra lateral do YouTube pela minha próxima aula de Duolingo","displayname":"Aprenda ao lado","difficulty":"easy","matches":["www.youtube.com"],"preview":"https://www.youtube.com/watch?v=Km9-DiFaxpU","content_scripts":[{"path":"frontend.js","run_at":"document_start"}],"name":"duolingo/youtube_sidebar_lesson","sitename":"duolingo","sitename_printable":"Duolingo","is_default":false},{"description":"Pergunta quanto tempo você deseja passar no local nesta visita","displayname":"Bouncer","difficulty":"hard","content_scripts":[{"path":"/interventions/generic/block_after_interval_per_visit/frontend.js","run_at":"document_start"}],"parameters":[{"name":"cheatseconds","description":"Segundos para trapacear depois que o tempo acabar","default":30,"type":"int"}],"categories":["interstitial"],"generic_intervention":"generic/block_after_interval_per_visit","matches":["www.facebook.com"],"goals":["facebook/spend_less_time"],"name":"facebook/block_after_interval_per_visit","sitename":"facebook","sitename_printable":"Facebook","is_default":true},{"description":"Fecha a guia após 60 segundos","displayname":"1Min Assassin","difficulty":"hard","content_scripts":[{"path":"/interventions/generic/close_tab_timer/frontend.js","run_at":"document_start"}],"generic_intervention":"generic/close_tab_timer","matches":["www.facebook.com"],"goals":["facebook/spend_less_time"],"name":"facebook/close_tab_timer","sitename":"facebook","sitename_printable":"Facebook","is_default":true},{"description":"Injetar cronômetro no feed do Facebook","displayname":"Injeção de tempo","difficulty":"easy","matches":["www.facebook.com"],"content_scripts":[{"path":"frontend.js","run_at":"document_start"}],"goals":["facebook/spend_less_time"],"name":"facebook/feed_injection_timer","sitename":"facebook","sitename_printable":"Facebook","is_default":true},{"description":"Faz você esperar alguns segundos antes de visitar","difficulty":"hard","displayname":"GateKeeper","content_scripts":[{"path":"/interventions/generic/make_user_wait/frontend.js","run_at":"document_start"}],"parameters":[{"name":"seconds","description":"Segundos que o usuário deve esperar antes que a página carregue","default":5,"type":"int"}],"categories":["interstitial"],"generic_intervention":"generic/make_user_wait","matches":["www.facebook.com"],"goals":["facebook/spend_less_time"],"name":"facebook/make_user_wait","sitename":"facebook","sitename_printable":"Facebook","is_default":true},{"description":"Pergunta o que você pretende fazer com esta visita e o lembra","displayname":"Mission Goal","difficulty":"hard","content_scripts":[{"path":"/interventions/generic/prompt_reason/frontend.js","run_at":"document_start"}],"categories":["interstitial"],"generic_intervention":"generic/prompt_reason","matches":["www.facebook.com"],"goals":["facebook/spend_less_time"],"name":"facebook/prompt_reason","sitename":"facebook","sitename_printable":"Facebook","is_default":true},{"description":"Remover clickbait","displayname":"Clickbait","difficulty":"easy","matches":["www.facebook.com"],"content_scripts":[{"path":"frontend.js","run_at":"document_start"}],"goals":["facebook/spend_less_time"],"name":"facebook/remove_clickbait","sitename":"facebook","sitename_printable":"Facebook","is_default":false},{"description":"Remover comentários de Facebook","displayname":"Sem comentários","difficulty":"medium","matches":["www.facebook.com"],"content_scripts":[{"path":"frontend.js","run_at":"document_start"}],"goals":["facebook/spend_less_time"],"name":"facebook/remove_comments","sitename":"facebook","sitename_printable":"Facebook","is_default":true},{"description":"Remover seu feed do Facebook","displayname":"Remover Feed","difficulty":"medium","matches":["www.facebook.com"],"content_scripts":[{"path":"frontend.js","run_at":"document_start"}],"goals":["facebook/spend_less_time"],"name":"facebook/remove_news_feed","sitename":"facebook","sitename_printable":"Facebook","is_default":true},{"description":"Notifica você sobre o tempo gasto no canto da sua área de trabalho","displayname":"Cronometro","difficulty":"easy","matches":["www.facebook.com"],"content_scripts":["frontend.js"],"parameters":[{"name":"minutes","description":"A quantidade de minutos entre as notificações","default":1,"type":"int"}],"goals":["facebook/spend_less_time"],"name":"facebook/rich_notifications","sitename":"facebook","sitename_printable":"Facebook","is_default":false},{"description":"Congela a rolagem após uma certa quantidade de rolagens","displayname":"Scroll Freezer","difficulty":"hard","content_scripts":[{"path":"/interventions/generic/scroll_blocker/frontend.js","run_at":"document_start"}],"parameters":[{"name":"scrollevents","description":"A quantidade de eventos de rolagem até que a notificação apareça novamente","default":750,"type":"int"}],"generic_intervention":"generic/scroll_blocker","matches":["www.facebook.com"],"goals":["facebook/spend_less_time"],"name":"facebook/scroll_blocker","sitename":"facebook","sitename_printable":"Facebook","is_default":true},{"description":"Mostra o tempo gasto no local na parte superior da tela","displayname":"Supervisor","difficulty":"easy","content_scripts":[{"path":"/interventions/generic/show_timer_banner/frontend.js","run_at":"document_start"}],"generic_intervention":"generic/show_timer_banner","matches":["www.facebook.com"],"goals":["facebook/spend_less_time"],"name":"facebook/show_timer_banner","sitename":"facebook","sitename_printable":"Facebook","is_default":true},{"description":"Mostra o tempo gasto e conta a cada visita","displayname":"Stat Banner","difficulty":"medium","content_scripts":[{"path":"/interventions/generic/show_user_info_banner/frontend.js","run_at":"document_start"}],"generic_intervention":"generic/show_user_info_banner","matches":["www.facebook.com"],"goals":["facebook/spend_less_time"],"name":"facebook/show_user_info_banner","sitename":"facebook","sitename_printable":"Facebook","is_default":true},{"description":"Mostra o tempo gasto e conta a cada visita","displayname":"Stat Whiz","difficulty":"hard","content_scripts":[{"path":"/interventions/generic/show_user_info_interstitial/frontend.js","run_at":"document_start"}],"categories":["interstitial"],"generic_intervention":"generic/show_user_info_interstitial","matches":["www.facebook.com"],"goals":["facebook/spend_less_time"],"name":"facebook/show_user_info_interstitial","sitename":"facebook","sitename_printable":"Facebook","is_default":true},{"description":"Notifica você sobre o tempo gasto a cada minuto","displayname":"Minute Watch","difficulty":"easy","content_scripts":[{"path":"/interventions/generic/toast_notifications/frontend.js","run_at":"document_start"}],"generic_intervention":"generic/toast_notifications","matches":["www.facebook.com"],"goals":["facebook/spend_less_time"],"name":"facebook/toast_notifications","sitename":"facebook","sitename_printable":"Facebook","is_default":true},{"description":"Pergunta quanto tempo você deseja passar no local nesta visita","displayname":"Bouncer","difficulty":"hard","content_scripts":[{"path":"frontend.js","run_at":"document_start"}],"parameters":[{"name":"cheatseconds","description":"Segundos para trapacear depois que o tempo acabar","default":30,"type":"int"}],"categories":["interstitial"],"name":"generic/block_after_interval_per_visit","sitename":"generic","sitename_printable":"Generic","is_default":false},{"description":"Fecha a guia após 60 segundos","displayname":"1Min Assassin","difficulty":"hard","content_scripts":[{"path":"frontend.js","run_at":"document_start"}],"name":"generic/close_tab_timer","sitename":"generic","sitename_printable":"Generic","is_default":false},{"description":"Solicita ao usuário que faça polichinelos","displayname":"Jumping Jacks","difficulty":"hard","content_scripts":[{"path":"frontend.js","run_at":"document_start"}],"parameters":[{"name":"cheatseconds","description":"Segundos para trapacear depois que o tempo acabar","default":30,"type":"int"}],"categories":["interstitial"],"name":"generic/do_jumping_jacks","sitename":"generic","sitename_printable":"Generic","is_default":false},{"description":"Envia o usuário para o Instagram para concluir a tarefa de bem-estar","displayname":"Instagram Redirect","difficulty":"hard","content_scripts":[{"path":"frontend.js","run_at":"document_start"}],"parameters":[{"name":"cheatseconds","description":"Segundos para trapacear depois que o tempo acabar","default":30,"type":"int"}],"categories":["interstitial"],"name":"generic/instagram_redirect","sitename":"generic","sitename_printable":"Generic","is_default":false},{"description":"Faz você esperar alguns segundos antes de visitar","difficulty":"hard","displayname":"GateKeeper","content_scripts":[{"path":"frontend.js","run_at":"document_start"}],"parameters":[{"name":"seconds","description":"Segundos que o usuário deve esperar antes que a página carregue","default":5,"type":"int"}],"categories":["interstitial"],"name":"generic/make_user_wait","sitename":"generic","sitename_printable":"Generic","is_default":false},{"description":"Pergunta o que você pretende fazer com esta visita e o lembra","displayname":"Mission Goal","difficulty":"hard","content_scripts":[{"path":"frontend.js","run_at":"document_start"}],"categories":["interstitial"],"name":"generic/prompt_reason","sitename":"generic","sitename_printable":"Generic","is_default":false},{"description":"Congela a rolagem após uma certa quantidade de rolagens","displayname":"Scroll Freezer","difficulty":"hard","content_scripts":[{"path":"frontend.js","run_at":"document_start"}],"parameters":[{"name":"scrollevents","description":"A quantidade de eventos de rolagem até que a notificação apareça novamente","default":750,"type":"int"}],"name":"generic/scroll_blocker","sitename":"generic","sitename_printable":"Generic","is_default":false},{"description":"Mostra o tempo gasto no local na parte superior da tela","displayname":"Supervisor","difficulty":"easy","content_scripts":[{"path":"frontend.js","run_at":"document_start"}],"name":"generic/show_timer_banner","sitename":"generic","sitename_printable":"Generic","is_default":false},{"description":"Mostra o tempo gasto e conta a cada visita","displayname":"Stat Banner","difficulty":"medium","content_scripts":[{"path":"frontend.js","run_at":"document_start"}],"name":"generic/show_user_info_banner","sitename":"generic","sitename_printable":"Generic","is_default":false},{"description":"Mostra o tempo gasto e conta a cada visita","displayname":"Stat Whiz","difficulty":"hard","content_scripts":[{"path":"frontend.js","run_at":"document_start"}],"categories":["interstitial"],"name":"generic/show_user_info_interstitial","sitename":"generic","sitename_printable":"Generic","is_default":false},{"description":"Notifica você sobre o tempo gasto a cada minuto","displayname":"Minute Watch","difficulty":"easy","content_scripts":[{"path":"frontend.js","run_at":"document_start"}],"name":"generic/toast_notifications","sitename":"generic","sitename_printable":"Generic","is_default":false},{"description":"Coloca periodicamente uma frase de chamariz no feed de notícias do Facebook","displayname":"Friendly Reminder","difficulty":"easy","matches":["www.facebook.com"],"preview":"https://www.facebook.com","content_scripts":["frontend.js"],"icon":["icon.svg"],"name":"generic_positive/feed_injection_positive_goal_widget","sitename":"generic_positive","sitename_printable":"Generic_positive","is_default":false},{"description":"Antes de visitar um site no qual deseja passar menos tempo, pergunta se você deseja ir para um site no qual deseja passar mais tempo ligado.","displayname":"Por que não ambos","difficulty":"easy","content_scripts":[{"path":"frontend.js","run_at":"document_start"}],"preview":"https://www.reddit.com","matches_all":true,"categories":["interstitial","positive-site-trigger"],"name":"generic_positive/suggest_positive_site_interstitial","sitename":"generic_positive","sitename_printable":"Generic_positive","is_default":false},{"description":"Pergunta quanto tempo você deseja passar no local nesta visita","displayname":"Bouncer","difficulty":"hard","content_scripts":[{"path":"/interventions/generic/block_after_interval_per_visit/frontend.js","run_at":"document_start"}],"parameters":[{"name":"cheatseconds","description":"Segundos para trapacear depois que o tempo acabar","default":30,"type":"int"}],"categories":["interstitial"],"generic_intervention":"generic/block_after_interval_per_visit","matches":["mail.google.com"],"goals":["gmail/spend_less_time"],"name":"gmail/block_after_interval_per_visit","sitename":"gmail","sitename_printable":"Gmail","is_default":true},{"description":"Fecha a guia após 60 segundos","displayname":"1Min Assassin","difficulty":"hard","content_scripts":[{"path":"/interventions/generic/close_tab_timer/frontend.js","run_at":"document_start"}],"generic_intervention":"generic/close_tab_timer","matches":["mail.google.com"],"goals":["gmail/spend_less_time"],"name":"gmail/close_tab_timer","sitename":"gmail","sitename_printable":"Gmail","is_default":true},{"description":"Faz você esperar alguns segundos antes de visitar","difficulty":"hard","displayname":"GateKeeper","content_scripts":[{"path":"/interventions/generic/make_user_wait/frontend.js","run_at":"document_start"}],"parameters":[{"name":"seconds","description":"Segundos que o usuário deve esperar antes que a página carregue","default":5,"type":"int"}],"categories":["interstitial"],"generic_intervention":"generic/make_user_wait","matches":["mail.google.com"],"goals":["gmail/spend_less_time"],"name":"gmail/make_user_wait","sitename":"gmail","sitename_printable":"Gmail","is_default":true},{"description":"Pergunta o que você pretende fazer com esta visita e o lembra","displayname":"Mission Goal","difficulty":"hard","content_scripts":[{"path":"/interventions/generic/prompt_reason/frontend.js","run_at":"document_start"}],"categories":["interstitial"],"generic_intervention":"generic/prompt_reason","matches":["mail.google.com"],"goals":["gmail/spend_less_time"],"name":"gmail/prompt_reason","sitename":"gmail","sitename_printable":"Gmail","is_default":true},{"description":"Congela a rolagem após uma certa quantidade de rolagens","displayname":"Scroll Freezer","difficulty":"hard","content_scripts":[{"path":"/interventions/generic/scroll_blocker/frontend.js","run_at":"document_start"}],"parameters":[{"name":"scrollevents","description":"A quantidade de eventos de rolagem até que a notificação apareça novamente","default":750,"type":"int"}],"generic_intervention":"generic/scroll_blocker","matches":["mail.google.com"],"goals":["gmail/spend_less_time"],"name":"gmail/scroll_blocker","sitename":"gmail","sitename_printable":"Gmail","is_default":true},{"description":"Mostra o tempo gasto no local na parte superior da tela","displayname":"Supervisor","difficulty":"easy","content_scripts":[{"path":"/interventions/generic/show_timer_banner/frontend.js","run_at":"document_start"}],"generic_intervention":"generic/show_timer_banner","matches":["mail.google.com"],"goals":["gmail/spend_less_time"],"name":"gmail/show_timer_banner","sitename":"gmail","sitename_printable":"Gmail","is_default":true},{"description":"Mostra o tempo gasto e conta a cada visita","displayname":"Stat Whiz","difficulty":"hard","content_scripts":[{"path":"/interventions/generic/show_user_info_interstitial/frontend.js","run_at":"document_start"}],"categories":["interstitial"],"generic_intervention":"generic/show_user_info_interstitial","matches":["mail.google.com"],"goals":["gmail/spend_less_time"],"name":"gmail/show_user_info_interstitial","sitename":"gmail","sitename_printable":"Gmail","is_default":true},{"description":"Notifica você sobre o tempo gasto a cada minuto","displayname":"Minute Watch","difficulty":"easy","content_scripts":[{"path":"/interventions/generic/toast_notifications/frontend.js","run_at":"document_start"}],"generic_intervention":"generic/toast_notifications","matches":["mail.google.com"],"goals":["gmail/spend_less_time"],"name":"gmail/toast_notifications","sitename":"gmail","sitename_printable":"Gmail","is_default":true},{"description":"Pergunta quanto tempo você deseja passar no local nesta visita","displayname":"Bouncer","difficulty":"hard","content_scripts":[{"path":"/interventions/generic/block_after_interval_per_visit/frontend.js","run_at":"document_start"}],"parameters":[{"name":"cheatseconds","description":"Segundos para trapacear depois que o tempo acabar","default":30,"type":"int"}],"categories":["interstitial"],"generic_intervention":"generic/block_after_interval_per_visit","matches":["www.instagram.com"],"goals":["instagram/spend_less_time"],"name":"instagram/block_after_interval_per_visit","sitename":"instagram","sitename_printable":"Instagram","is_default":true},{"description":"Pergunta o que você pretende fazer com esta visita e o lembra","displayname":"Mission Goal","difficulty":"hard","content_scripts":[{"path":"/interventions/generic/prompt_reason/frontend.js","run_at":"document_start"}],"categories":["interstitial"],"generic_intervention":"generic/prompt_reason","matches":["www.instagram.com"],"goals":["instagram/spend_less_time"],"name":"instagram/prompt_reason","sitename":"instagram","sitename_printable":"Instagram","is_default":false},{"description":"Escolha a dificuldade de sua intervenção","displayname":"Sua escolha","difficulty":"hard","content_scripts":[{"path":"frontend.js","run_at":"document_start"}],"name":"internal/choose_difficulty","sitename":"internal","sitename_printable":"Internal","is_default":false},{"description":"Avisar o usuário antes de assistir a um vídeo","displayname":"Think Twice","difficulty":"medium","matches":["www.iqiyi.com"],"content_scripts":["frontend.js"],"goals":["iqiyi/spend_less_time"],"name":"iqiyi/prompt_before_watch","sitename":"iqiyi","sitename_printable":"Iqiyi","is_default":true},{"description":"Remover links da barra lateral","displayname":"Sidekicker","difficulty":"medium","matches":["www.iqiyi.com"],"content_scripts":["frontend.js"],"goals":["iqiyi/spend_less_time"],"name":"iqiyi/remove_sidebar_links","sitename":"iqiyi","sitename_printable":"Iqiyi","is_default":true},{"description":"Mostra o tempo gasto no local na parte superior da tela","displayname":"Supervisor","difficulty":"easy","content_scripts":[{"path":"/interventions/generic/show_timer_banner/frontend.js","run_at":"document_start"}],"generic_intervention":"generic/show_timer_banner","matches":["www.iqiyi.com"],"goals":["iqiyi/spend_less_time"],"name":"iqiyi/show_timer_banner","sitename":"iqiyi","sitename_printable":"Iqiyi","is_default":true},{"description":"Notifica você sobre o tempo gasto a cada minuto","displayname":"Minute Watch","difficulty":"easy","content_scripts":[{"path":"/interventions/generic/toast_notifications/frontend.js","run_at":"document_start"}],"generic_intervention":"generic/toast_notifications","matches":["www.iqiyi.com"],"goals":["iqiyi/spend_less_time"],"name":"iqiyi/toast_notifications","sitename":"iqiyi","sitename_printable":"Iqiyi","is_default":true},{"description":"Dá a você um fato e vincula um artigo sobre o efeito da TV","displayname":"Banner de curiosidades","difficulty":"medium","matches":["www.netflix.com"],"content_scripts":["frontend.js"],"parameters":[{"name":"seconds","description":"Seconds that the user must wait before the page loads","default":0,"type":"int"}],"name":"netflix/banner_link_articles","sitename":"netflix","sitename_printable":"Netflix","is_default":false},{"description":"Solicita ao usuário para definir um alarme antes de assistir a um programa","displayname":"Alarme","difficulty":"medium","matches":["www.netflix.com"],"content_scripts":["frontend.js"],"goals":["netflix/spend_less_time"],"name":"netflix/infinite_alarm","sitename":"netflix","sitename_printable":"Netflix","is_default":true},{"description":"Dá a você um fato e vincula um artigo sobre o efeito da TV","displayname":"Fatos interessantes","difficulty":"medium","matches":["www.netflix.com"],"content_scripts":["frontend.js"],"parameters":[{"name":"seconds","description":"Segundos que o usuário deve esperar antes que a página carregue","default":10,"type":"int"}],"categories":["interstitial"],"goals":["netflix/spend_less_time"],"name":"netflix/link_articles","sitename":"netflix","sitename_printable":"Netflix","is_default":true},{"description":"Avisar o usuário antes de assistir a um vídeo","displayname":"Pense duas vezes","difficulty":"medium","content_scripts":[{"path":"/interventions/video/prompt_before_watch/frontend.js","run_at":"document_start"}],"generic_intervention":"video/prompt_before_watch","matches":["www.netflix.com"],"goals":["netflix/spend_less_time"],"name":"netflix/prompt_before_watch","sitename":"netflix","sitename_printable":"Netflix","is_default":true},{"description":"Mostra o tempo gasto no local na parte superior da tela","displayname":"Supervisor","difficulty":"easy","content_scripts":[{"path":"/interventions/generic/show_timer_banner/frontend.js","run_at":"document_start"}],"generic_intervention":"generic/show_timer_banner","matches":["www.netflix.com"],"goals":["netflix/spend_less_time"],"name":"netflix/show_timer_banner","sitename":"netflix","sitename_printable":"Netflix","is_default":true},{"description":"Impede que o site reproduza automaticamente o próximo vídeo","displayname":"Parar a reprodução automática","difficulty":"medium","matches":["www.netflix.com"],"content_scripts":["frontend.js"],"goals":["netflix/spend_less_time"],"name":"netflix/stop_autoplay","sitename":"netflix","sitename_printable":"Netflix","is_default":true},{"description":"Notifica você sobre o tempo gasto a cada minuto","displayname":"Minute Watch","difficulty":"easy","content_scripts":[{"path":"/interventions/generic/toast_notifications/frontend.js","run_at":"document_start"}],"generic_intervention":"generic/toast_notifications","matches":["www.netflix.com"],"goals":["netflix/spend_less_time"],"name":"netflix/toast_notifications","sitename":"netflix","sitename_printable":"Netflix","is_default":true},{"description":"Coloca periodicamente uma frase de chamariz no feed de notícias do Facebook","displayname":"Friendly Reminder","difficulty":"easy","matches":["www.nytimes.com"],"preview":"https://www.facebook.com","content_scripts":["/interventions/generic_positive/feed_injection_positive_goal_widget/frontend.js"],"icon":["icon.svg"],"generic_intervention":"generic_positive/feed_injection_positive_goal_widget","goals":["nytimes/read_each_day"],"name":"nytimes/feed_injection_positive_goal_widget","sitename":"nytimes","sitename_printable":"Nytimes","is_default":true},{"description":"Antes de visitar um site no qual deseja passar menos tempo, pergunta se você deseja ir para um site no qual deseja passar mais tempo ligado.","displayname":"Por que não ambos","difficulty":"easy","content_scripts":[{"path":"/interventions/generic_positive/suggest_positive_site_interstitial/frontend.js","run_at":"document_start"}],"preview":"https://www.reddit.com","matches_all":true,"categories":["interstitial","positive-site-trigger"],"generic_intervention":"generic_positive/suggest_positive_site_interstitial","matches":["www.nytimes.com"],"goals":["nytimes/read_each_day"],"name":"nytimes/suggest_positive_site_interstitial","sitename":"nytimes","sitename_printable":"Nytimes","is_default":true},{"description":"Pergunta quanto tempo você deseja passar no local nesta visita","displayname":"Bouncer","difficulty":"hard","content_scripts":[{"path":"/interventions/generic/block_after_interval_per_visit/frontend.js","run_at":"document_start"}],"parameters":[{"name":"cheatseconds","description":"Segundos para trapacear depois que o tempo acabar","default":30,"type":"int"}],"categories":["interstitial"],"generic_intervention":"generic/block_after_interval_per_visit","matches":["www.reddit.com"],"goals":["reddit/spend_less_time"],"name":"reddit/block_after_interval_per_visit","sitename":"reddit","sitename_printable":"Reddit","is_default":true},{"description":"Fecha a guia após 60 segundos","displayname":"1Min Assassin","difficulty":"hard","content_scripts":[{"path":"/interventions/generic/close_tab_timer/frontend.js","run_at":"document_start"}],"generic_intervention":"generic/close_tab_timer","matches":["www.reddit.com"],"goals":["reddit/spend_less_time"],"name":"reddit/close_tab_timer","sitename":"reddit","sitename_printable":"Reddit","is_default":true},{"description":"Mexe com links","displayname":"Editar link","difficulty":"medium","matches":["www.reddit.com"],"content_scripts":["frontend.js"],"name":"reddit/edit_links","sitename":"reddit","sitename_printable":"Reddit","is_default":false},{"description":"Faz você esperar alguns segundos antes de visitar","difficulty":"hard","displayname":"GateKeeper","content_scripts":[{"path":"/interventions/generic/make_user_wait/frontend.js","run_at":"document_start"}],"parameters":[{"name":"seconds","description":"Segundos que o usuário deve esperar antes que a página carregue","default":5,"type":"int"}],"categories":["interstitial"],"generic_intervention":"generic/make_user_wait","matches":["www.reddit.com"],"goals":["reddit/spend_less_time"],"name":"reddit/make_user_wait","sitename":"reddit","sitename_printable":"Reddit","is_default":true},{"description":"Pergunta o que você pretende fazer com esta visita e o lembra","displayname":"Mission Goal","difficulty":"hard","content_scripts":[{"path":"/interventions/generic/prompt_reason/frontend.js","run_at":"document_start"}],"categories":["interstitial"],"generic_intervention":"generic/prompt_reason","matches":["www.reddit.com"],"goals":["reddit/spend_less_time"],"name":"reddit/prompt_reason","sitename":"reddit","sitename_printable":"Reddit","is_default":true},{"description":"Congela a rolagem após uma certa quantidade de rolagens","displayname":"Scroll Freezer","difficulty":"hard","content_scripts":[{"path":"/interventions/generic/scroll_blocker/frontend.js","run_at":"document_start"}],"parameters":[{"name":"scrollevents","description":"A quantidade de eventos de rolagem até que a notificação apareça novamente","default":750,"type":"int"}],"generic_intervention":"generic/scroll_blocker","matches":["www.reddit.com"],"goals":["reddit/spend_less_time"],"name":"reddit/scroll_blocker","sitename":"reddit","sitename_printable":"Reddit","is_default":true},{"description":"Mostra o tempo gasto no local na parte superior da tela","displayname":"Supervisor","difficulty":"easy","content_scripts":[{"path":"/interventions/generic/show_timer_banner/frontend.js","run_at":"document_start"}],"generic_intervention":"generic/show_timer_banner","matches":["www.reddit.com"],"goals":["reddit/spend_less_time"],"name":"reddit/show_timer_banner","sitename":"reddit","sitename_printable":"Reddit","is_default":true},{"description":"Mostra o tempo gasto e conta a cada visita","displayname":"Stat Banner","difficulty":"medium","content_scripts":[{"path":"/interventions/generic/show_user_info_banner/frontend.js","run_at":"document_start"}],"generic_intervention":"generic/show_user_info_banner","matches":["www.reddit.com"],"goals":["reddit/spend_less_time"],"name":"reddit/show_user_info_banner","sitename":"reddit","sitename_printable":"Reddit","is_default":true},{"description":"Mostra o tempo gasto e conta a cada visita","displayname":"Stat Whiz","difficulty":"hard","content_scripts":[{"path":"/interventions/generic/show_user_info_interstitial/frontend.js","run_at":"document_start"}],"categories":["interstitial"],"generic_intervention":"generic/show_user_info_interstitial","matches":["www.reddit.com"],"goals":["reddit/spend_less_time"],"name":"reddit/show_user_info_interstitial","sitename":"reddit","sitename_printable":"Reddit","is_default":true},{"description":"Notifica você sobre o tempo gasto a cada minuto","displayname":"Minute Watch","difficulty":"easy","content_scripts":[{"path":"/interventions/generic/toast_notifications/frontend.js","run_at":"document_start"}],"generic_intervention":"generic/toast_notifications","matches":["www.reddit.com"],"goals":["reddit/spend_less_time"],"name":"reddit/toast_notifications","sitename":"reddit","sitename_printable":"Reddit","is_default":true},{"description":"Envie os usuários para o Instagram para concluir a tarefa de bem-estar","displayname":"Redirecionar Instagram","difficulty":"easy","matches":["www.youtube.com"],"content_scripts":["frontend.js"],"name":"stress_interventions/redirect_to_instagram","sitename":"stress_interventions","sitename_printable":"Stress_interventions","is_default":false},{"description":"Coloca periodicamente uma frase de chamariz no feed de notícias do Facebook","displayname":"Friendly Reminder","difficulty":"easy","matches":["www.ted.com"],"preview":"https://www.facebook.com","content_scripts":["/interventions/generic_positive/feed_injection_positive_goal_widget/frontend.js"],"icon":["icon.svg"],"generic_intervention":"generic_positive/feed_injection_positive_goal_widget","goals":["ted/visit_more_often"],"name":"ted/feed_injection_positive_goal_widget","sitename":"ted","sitename_printable":"Ted","is_default":true},{"description":"Antes de visitar um site no qual deseja passar menos tempo, pergunta se você deseja ir para um site no qual deseja passar mais tempo ligado.","displayname":"Por que não ambos","difficulty":"easy","content_scripts":[{"path":"/interventions/generic_positive/suggest_positive_site_interstitial/frontend.js","run_at":"document_start"}],"preview":"https://www.reddit.com","matches_all":true,"categories":["interstitial","positive-site-trigger"],"generic_intervention":"generic_positive/suggest_positive_site_interstitial","matches":["www.ted.com"],"goals":["ted/visit_more_often"],"name":"ted/suggest_positive_site_interstitial","sitename":"ted","sitename_printable":"Ted","is_default":true},{"description":"Pergunta quanto tempo você deseja passar no local nesta visita","displayname":"Bouncer","difficulty":"hard","content_scripts":[{"path":"/interventions/generic/block_after_interval_per_visit/frontend.js","run_at":"document_start"}],"parameters":[{"name":"cheatseconds","description":"Segundos para trapacear depois que o tempo acabar","default":30,"type":"int"}],"categories":["interstitial"],"generic_intervention":"generic/block_after_interval_per_visit","matches":["twitter.com"],"goals":["twitter/spend_less_time"],"name":"twitter/block_after_interval_per_visit","sitename":"twitter","sitename_printable":"Twitter","is_default":true},{"description":"Fecha a guia após 60 segundos","displayname":"1Min Assassin","difficulty":"hard","content_scripts":[{"path":"/interventions/generic/close_tab_timer/frontend.js","run_at":"document_start"}],"generic_intervention":"generic/close_tab_timer","matches":["twitter.com"],"goals":["twitter/spend_less_time"],"name":"twitter/close_tab_timer","sitename":"twitter","sitename_printable":"Twitter","is_default":true},{"description":"Faz você esperar alguns segundos antes de visitar","difficulty":"hard","displayname":"GateKeeper","content_scripts":[{"path":"/interventions/generic/make_user_wait/frontend.js","run_at":"document_start"}],"parameters":[{"name":"seconds","description":"Segundos que o usuário deve esperar antes que a página carregue","default":5,"type":"int"}],"categories":["interstitial"],"generic_intervention":"generic/make_user_wait","matches":["twitter.com"],"goals":["twitter/spend_less_time"],"name":"twitter/make_user_wait","sitename":"twitter","sitename_printable":"Twitter","is_default":true},{"description":"Pergunta o que você pretende fazer com esta visita e o lembra","displayname":"Mission Goal","difficulty":"hard","content_scripts":[{"path":"/interventions/generic/prompt_reason/frontend.js","run_at":"document_start"}],"categories":["interstitial"],"generic_intervention":"generic/prompt_reason","matches":["twitter.com"],"goals":["twitter/spend_less_time"],"name":"twitter/prompt_reason","sitename":"twitter","sitename_printable":"Twitter","is_default":true},{"description":"Remove o feed de notícias do Twitter","displayname":"Remover Feed","difficulty":"medium","matches":["twitter.com"],"content_scripts":["frontend.js"],"preview":"https://www.twitter.com","goals":["twitter/spend_less_time"],"name":"twitter/remove_twitter_feed","sitename":"twitter","sitename_printable":"Twitter","is_default":true},{"description":"Congela a rolagem após uma certa quantidade de rolagens","displayname":"Scroll Freezer","difficulty":"hard","content_scripts":[{"path":"/interventions/generic/scroll_blocker/frontend.js","run_at":"document_start"}],"parameters":[{"name":"scrollevents","description":"A quantidade de eventos de rolagem até que a notificação apareça novamente","default":750,"type":"int"}],"generic_intervention":"generic/scroll_blocker","matches":["twitter.com"],"goals":["twitter/spend_less_time"],"name":"twitter/scroll_blocker","sitename":"twitter","sitename_printable":"Twitter","is_default":true},{"description":"Mostra o tempo gasto no local na parte superior da tela","displayname":"Supervisor","difficulty":"easy","content_scripts":[{"path":"/interventions/generic/show_timer_banner/frontend.js","run_at":"document_start"}],"generic_intervention":"generic/show_timer_banner","matches":["twitter.com"],"goals":["twitter/spend_less_time"],"name":"twitter/show_timer_banner","sitename":"twitter","sitename_printable":"Twitter","is_default":true},{"description":"Mostra o tempo gasto e conta a cada visita","displayname":"Stat Whiz","difficulty":"hard","content_scripts":[{"path":"/interventions/generic/show_user_info_interstitial/frontend.js","run_at":"document_start"}],"categories":["interstitial"],"generic_intervention":"generic/show_user_info_interstitial","matches":["twitter.com"],"goals":["twitter/spend_less_time"],"name":"twitter/show_user_info_interstitial","sitename":"twitter","sitename_printable":"Twitter","is_default":true},{"description":"Notifica você sobre o tempo gasto a cada minuto","displayname":"Minute Watch","difficulty":"easy","content_scripts":[{"path":"/interventions/generic/toast_notifications/frontend.js","run_at":"document_start"}],"generic_intervention":"generic/toast_notifications","matches":["twitter.com"],"goals":["twitter/spend_less_time"],"name":"twitter/toast_notifications","sitename":"twitter","sitename_printable":"Twitter","is_default":true},{"description":"Avisar o usuário antes de assistir a um vídeo","displayname":"Pense duas vezes","difficulty":"medium","content_scripts":[{"path":"frontend.js","run_at":"document_start"}],"name":"video/prompt_before_watch","sitename":"video","sitename_printable":"Video","is_default":false},{"description":"Pergunta quanto tempo você deseja passar no local nesta visita","displayname":"Bouncer","difficulty":"hard","content_scripts":[{"path":"/interventions/generic/block_after_interval_per_visit/frontend.js","run_at":"document_start"}],"parameters":[{"name":"cheatseconds","description":"Segundos para trapacear depois que o tempo acabar","default":30,"type":"int"}],"categories":["interstitial"],"generic_intervention":"generic/block_after_interval_per_visit","matches":["www.youtube.com"],"goals":["youtube/spend_less_time"],"name":"youtube/block_after_interval_per_visit","sitename":"youtube","sitename_printable":"Youtube","is_default":true},{"description":"Avisar o usuário antes de assistir a um vídeo","displayname":"Pense duas vezes","difficulty":"medium","matches":["www.youtube.com"],"content_scripts":[{"path":"frontend.js","run_at":"document_start"}],"goals":["youtube/spend_less_time"],"name":"youtube/prompt_before_watch","sitename":"youtube","sitename_printable":"Youtube","is_default":true},{"description":"Remover seção de comentários","displayname":"Sem comentários","difficulty":"easy","matches":["www.youtube.com"],"content_scripts":[{"path":"frontend.js","run_at":"document_start"}],"goals":["youtube/spend_less_time"],"name":"youtube/remove_comment_section","sitename":"youtube","sitename_printable":"Youtube","is_default":true},{"description":"Ocultar vídeos recomendados na página inicial e na barra lateral","displayname":"Ocultar Feed","difficulty":"medium","matches":["www.youtube.com"],"content_scripts":[{"path":"frontend.js","run_at":"document_start"}],"styles":["#home-page-skeleton { display: none !important; }","ytd-browse[role='main'][page-subtype='home'] #contents { visibility: hidden !important; }","#related-skeleton, .watch-skeleton { display: none !important; }","ytd-watch-next-secondary-results-renderer { visibility: hidden !important; }"],"preview":"https://www.youtube.com/","goals":["youtube/spend_less_time"],"name":"youtube/remove_recommended","sitename":"youtube","sitename_printable":"Youtube","is_default":true},{"description":"Remover links do sidebar","displayname":"Sidekicker","difficulty":"easy","matches":["www.youtube.com"],"content_scripts":[{"path":"frontend.js","run_at":"document_start"}],"goals":["youtube/spend_less_time"],"name":"youtube/remove_sidebar_links","sitename":"youtube","sitename_printable":"Youtube","is_default":true},{"description":"Mostra o tempo gasto no local na parte superior da tela","displayname":"Supervisor","difficulty":"easy","content_scripts":[{"path":"/interventions/generic/show_timer_banner/frontend.js","run_at":"document_start"}],"generic_intervention":"generic/show_timer_banner","matches":["www.youtube.com"],"goals":["youtube/spend_less_time"],"name":"youtube/show_timer_banner","sitename":"youtube","sitename_printable":"Youtube","is_default":true},{"description":"Notifica você sobre o tempo gasto a cada minuto","displayname":"Minute Watch","difficulty":"easy","content_scripts":[{"path":"/interventions/generic/toast_notifications/frontend.js","run_at":"document_start"}],"generic_intervention":"generic/toast_notifications","matches":["www.youtube.com"],"goals":["youtube/spend_less_time"],"name":"youtube/toast_notifications","sitename":"youtube","sitename_printable":"Youtube","is_default":true}],"goals":[{"description":"Gaste menos tempo em Amazon","goal_statement_to_fill_in":"Gaste menos do que TARGET UNITS em Amazon por dia","progress_description":"Tempo gasto no Amazon","call_to_action":"Fechar Amazon","interventions":["amazon/toast_notifications","amazon/show_timer_banner","amazon/scroll_blocker","amazon/show_user_info_interstitial","amazon/make_user_wait","amazon/close_tab_timer","amazon/block_after_interval_per_visit","amazon/prompt_reason","amazon/hide_recommendations","amazon/show_user_info_banner"],"default_interventions":["amazon/toast_notifications","amazon/show_timer_banner","amazon/scroll_blocker","amazon/show_user_info_interstitial","amazon/make_user_wait","amazon/close_tab_timer","amazon/block_after_interval_per_visit","amazon/prompt_reason","amazon/hide_recommendations","amazon/show_user_info_banner"],"measurement":"time_spent_on_domain","domain":"www.amazon.com","preview":"https://www.amazon.com/gp/product/B01N0T5OUF/ref=s9_acsd_aas_bw_c_x_1_w?ie=UTF8&pd_rd_r=WBE88Y3KXHP2D6TK6FA8&pd_rd_w=CFgC4&pd_rd_wg=e0Lps&pf_rd_m=ATVPDKIKX0DER&pf_rd_s=merchandised-search-1&pf_rd_r=WBE88Y3KXHP2D6TK6FA8&pf_rd_r=WBE88Y3KXHP2D6TK6FA8&pf_rd_t=101&pf_rd_p=829a6c73-f784-466d-82dc-515fa2d8c9be&pf_rd_p=829a6c73-f784-466d-82dc-515fa2d8c9be&pf_rd_i=16313234011","target":{"default":20,"units":"minutes"},"icon":"icon.svg","color":"#ef9a00","name":"amazon/spend_less_time","sitename":"amazon","sitename_printable":"Amazon","homepage":"https://www.amazon.com/"},{"description":"Gaste menos tempo em Buzzfeed","progress_description":"Tempo gasto no Buzzfeed","goal_statement_to_fill_in":"Gaste menos do que TARGET UNITS em Buzzfeed por dia","call_to_action":"Fechar Buzzfeed","interventions":["buzzfeed/toast_notifications","buzzfeed/show_timer_banner","buzzfeed/scroll_blocker","buzzfeed/show_user_info_interstitial","buzzfeed/make_user_wait","buzzfeed/close_tab_timer","buzzfeed/block_after_interval_per_visit","buzzfeed/prompt_reason"],"default_interventions":["buzzfeed/toast_notifications","buzzfeed/show_timer_banner","buzzfeed/scroll_blocker","buzzfeed/show_user_info_interstitial","buzzfeed/make_user_wait","buzzfeed/close_tab_timer","buzzfeed/block_after_interval_per_visit","buzzfeed/prompt_reason"],"measurement":"time_spent_on_domain","domain":"www.buzzfeed.com","target":{"default":20,"units":"minutes"},"icon":"icon.svg","color":"rgb(225, 69, 55)","name":"buzzfeed/spend_less_time","sitename":"buzzfeed","sitename_printable":"Buzzfeed","homepage":"https://www.buzzfeed.com/"},{"description":"Meditate with Calm por dia","goal_statement_to_fill_in":"Spend at least TARGET UNITS meditating with Calm por dia","progress_description":"Minutes spent meditating","call_to_action":"Clear your mind","interventions":["calm/feed_injection_positive_goal_widget","calm/suggest_positive_site_interstitial"],"default_interventions":["calm/feed_injection_positive_goal_widget","calm/suggest_positive_site_interstitial"],"measurement":"time_spent_on_domain","domain":"www.calm.com","target":{"default":2,"units":"minutes"},"is_positive":true,"sitename_printable":"Calm","icon":"icon.jpg","color":"rgb(80, 115, 230)","name":"calm/just_breathe","sitename":"calm","homepage":"https://www.calm.com/"},{"description":"Complete a lesson on Duolingo por dia","goal_statement_to_fill_in":"Complete at least TARGET UNITS on Duolingo por dia","progress_description":"Lessons completed","call_to_action":"Start a Duolingo lesson","interventions":["duolingo/facebook_replace_ads_with_lesson","duolingo/facebook_feed_lesson_injection","duolingo/iqiyi_sidebar_lesson"],"default_interventions":["duolingo/facebook_replace_ads_with_lesson","duolingo/facebook_feed_lesson_injection","duolingo/iqiyi_sidebar_lesson"],"disabled":false,"domain":"www.duolingo.com","goal_statement_units":"lessons","target":{"default":1,"units":"lessons"},"is_positive":true,"icon":"icon.svg","color":"#4db8ec","name":"duolingo/complete_lesson_each_day","sitename":"duolingo","sitename_printable":"Duolingo","homepage":"https://www.duolingo.com/"},{"description":"Gaste menos tempo em Facebook","goal_statement_to_fill_in":"Gaste não mais do que TARGET UNITS em Facebook por dia","progress_description":"Tempo gasto no Facebook","call_to_action":"Fechar Facebook","interventions":["facebook/feed_injection_timer","facebook/remove_news_feed","facebook/rich_notifications","facebook/remove_comments","facebook/remove_clickbait","facebook/toast_notifications","facebook/show_timer_banner","facebook/scroll_blocker","facebook/show_user_info_interstitial","facebook/show_user_info_banner","facebook/make_user_wait","facebook/close_tab_timer","facebook/block_after_interval_per_visit","facebook/prompt_reason"],"default_interventions":["facebook/feed_injection_timer","facebook/remove_news_feed","facebook/remove_comments","facebook/toast_notifications","facebook/show_timer_banner","facebook/scroll_blocker","facebook/show_user_info_interstitial","facebook/show_user_info_banner","facebook/make_user_wait","facebook/close_tab_timer","facebook/block_after_interval_per_visit","facebook/prompt_reason"],"measurement":"time_spent_on_domain","domain":"www.facebook.com","target":{"default":20,"units":"minutes"},"icon":"icon.svg","color":"#3b5998","name":"facebook/spend_less_time","sitename":"facebook","sitename_printable":"Facebook","homepage":"https://www.facebook.com/"},{"description":"Gaste menos tempo em Gmail","goal_statement_to_fill_in":"Gaste não mais do que TARGET UNITS em Gmail por dia","progress_description":"Tempo gasto no Gmail","call_to_action":"Fechar Gmail","interventions":["gmail/toast_notifications","gmail/show_timer_banner","gmail/scroll_blocker","gmail/show_user_info_interstitial","gmail/make_user_wait","gmail/close_tab_timer","gmail/block_after_interval_per_visit","gmail/prompt_reason"],"default_interventions":["gmail/toast_notifications","gmail/show_timer_banner","gmail/scroll_blocker","gmail/show_user_info_interstitial","gmail/make_user_wait","gmail/close_tab_timer","gmail/block_after_interval_per_visit","gmail/prompt_reason"],"measurement":"time_spent_on_domain","domain":"mail.google.com","target":{"default":20,"units":"minutes"},"icon":"icon.svg","preview":"https://mail.google.com","color":"#d44639","name":"gmail/spend_less_time","sitename":"gmail","sitename_printable":"Gmail","homepage":"https://www.gmail.com/"},{"description":"Gaste menos tempo em Instagram","goal_statement_to_fill_in":"Gaste não mais do que TARGET UNITS em Instagram por dia","progress_description":"Tempo gasto no Instagram","call_to_action":"Fechar Instagram","interventions":["instagram/prompt_reason","instagram/block_after_interval_per_visit"],"default_interventions":[null,"instagram/block_after_interval_per_visit"],"measurement":"time_spent_on_domain","domain":"www.instagram.com","target":{"default":5,"units":"minutes"},"color":"#f96934","name":"instagram/spend_less_time","sitename":"instagram","sitename_printable":"Instagram","homepage":"https://www.instagram.com/"},{"description":"Gaste menos tempo em Iqiyi","goal_statement_to_fill_in":"Gaste não mais do que TARGET UNITS em Iqiyi por dia","progress_description":"Tempo gasto no Iqiyi","call_to_action":"Fechar Iqiyi","interventions":["iqiyi/toast_notifications","iqiyi/show_timer_banner","iqiyi/prompt_before_watch","iqiyi/remove_sidebar_links"],"default_interventions":["iqiyi/toast_notifications","iqiyi/show_timer_banner","iqiyi/prompt_before_watch","iqiyi/remove_sidebar_links"],"measurement":"time_spent_on_domain","domain":"www.iqiyi.com","preview":"https://www.iqiyi.com/v_19rrb6fwsg.html","target":{"default":20,"units":"minutes"},"icon":"icon.svg","color":"#7cad3e","name":"iqiyi/spend_less_time","sitename":"iqiyi","sitename_printable":"Iqiyi","homepage":"https://www.iqiyi.com/"},{"description":"Gaste menos tempo em Netflix","goal_statement_to_fill_in":"Gaste não mais do que TARGET UNITS em Netflix por dia","progress_description":"Tempo gasto no Netflix","call_to_action":"Fechar Netflix","interventions":["netflix/toast_notifications","netflix/show_timer_banner","netflix/link_articles","netflix/infinite_alarm","netflix/stop_autoplay","netflix/prompt_before_watch"],"default_interventions":["netflix/toast_notifications","netflix/show_timer_banner","netflix/link_articles","netflix/infinite_alarm","netflix/stop_autoplay","netflix/prompt_before_watch"],"measurement":"time_spent_on_domain","domain":"www.netflix.com","target":{"default":20,"units":"minutes"},"icon":"icon.svg","preview":"https://www.netflix.com","color":"#b90018","name":"netflix/spend_less_time","sitename":"netflix","sitename_printable":"Netflix","homepage":"https://www.netflix.com/"},{"description":"Verifique a New York Times por dia","goal_statement_to_fill_in":"Visite a página do New York Times pelo menos TARGET UNITS por dia","progress_description":"Visitas ao site do New York Times","call_to_action":"Verifique o New York Times","interventions":["nytimes/feed_injection_positive_goal_widget","nytimes/suggest_positive_site_interstitial"],"measurement":"visits_to_domain","domain":"www.nytimes.com","goal_statement_units":"times","target":{"default":1,"units":"visits"},"is_positive":true,"sitename_printable":"New York Times","icon":"icon.png","color":"rgb(41,41,41)","name":"nytimes/read_each_day","sitename":"nytimes","homepage":"https://www.nytimes.com/","default_interventions":["nytimes/feed_injection_positive_goal_widget","nytimes/suggest_positive_site_interstitial"]},{"description":"Gaste menos tempo em Reddit","goal_statement_to_fill_in":"Gaste não mais do que TARGET UNITS em Reddit por dia","progress_description":"Tempo gasto no Reddit","call_to_action":"Fechar Reddit","interventions":["reddit/toast_notifications","reddit/show_timer_banner","reddit/scroll_blocker","reddit/show_user_info_interstitial","reddit/show_user_info_banner","reddit/make_user_wait","reddit/close_tab_timer","reddit/block_after_interval_per_visit","reddit/prompt_reason"],"default_interventions":["reddit/toast_notifications","reddit/show_timer_banner","reddit/scroll_blocker","reddit/show_user_info_interstitial","reddit/show_user_info_banner","reddit/make_user_wait","reddit/close_tab_timer","reddit/block_after_interval_per_visit","reddit/prompt_reason"],"measurement":"time_spent_on_domain","domain":"www.reddit.com","target":{"default":20,"units":"minutes"},"icon":"icon.svg","color":"#f96934","name":"reddit/spend_less_time","sitename":"reddit","sitename_printable":"Reddit","homepage":"https://www.reddit.com/"},{"description":"Open TED more often","goal_statement_to_fill_in":"Open TED at least TARGET UNITS por dia","progress_description":"Visits to TED","call_to_action":"Watch a TED talk","interventions":["ted/feed_injection_positive_goal_widget","ted/suggest_positive_site_interstitial"],"measurement":"visits_to_domain","domain":"www.ted.com","sitename_printable":"TED","goal_statement_units":"times","target":{"default":1,"units":"visits"},"is_positive":true,"icon":"icon.png","color":"#f18982","name":"ted/visit_more_often","sitename":"ted","homepage":"https://www.ted.com/","default_interventions":["ted/feed_injection_positive_goal_widget","ted/suggest_positive_site_interstitial"]},{"description":"Gaste menos tempo em Twitter","goal_statement_to_fill_in":"Gaste não mais do que TARGET UNITS em Twitter por dia","progress_description":"Tempo gasto no Twitter","call_to_action":"Fechar Twitter","interventions":["twitter/remove_twitter_feed","twitter/toast_notifications","twitter/show_timer_banner","twitter/scroll_blocker","twitter/show_user_info_interstitial","twitter/make_user_wait","twitter/close_tab_timer","twitter/block_after_interval_per_visit","twitter/prompt_reason"],"default_interventions":["twitter/remove_twitter_feed","twitter/toast_notifications","twitter/show_timer_banner","twitter/scroll_blocker","twitter/show_user_info_interstitial","twitter/make_user_wait","twitter/close_tab_timer","twitter/block_after_interval_per_visit","twitter/prompt_reason"],"measurement":"time_spent_on_domain","domain":"twitter.com","target":{"default":20,"units":"minutes"},"icon":"icon.svg","preview":"https://www.twitter.com","color":"#68a0d8","name":"twitter/spend_less_time","sitename":"twitter","sitename_printable":"Twitter","homepage":"https://www.twitter.com/"},{"description":"Gaste menos tempo em YouTube","goal_statement_to_fill_in":"Gaste não mais do que TARGET UNITS em YouTube por dia","progress_description":"Tempo gasto no YouTube","call_to_action":"Fechar Youtube","interventions":["youtube/toast_notifications","youtube/show_timer_banner","youtube/remove_sidebar_links","youtube/prompt_before_watch","youtube/remove_comment_section","youtube/remove_recommended","youtube/block_after_interval_per_visit"],"default_interventions":["youtube/toast_notifications","youtube/show_timer_banner","youtube/remove_sidebar_links","youtube/prompt_before_watch","youtube/remove_comment_section","youtube/remove_recommended","youtube/block_after_interval_per_visit"],"measurement":"time_spent_on_domain","domain":"www.youtube.com","preview":"https://www.youtube.com/watch?v=7maJOI3QMu0","target":{"default":20,"units":"minutes"},"icon":"icon.svg","color":"#e44441","name":"youtube/spend_less_time","sitename":"youtube","sitename_printable":"Youtube","homepage":"https://www.youtube.com/"}]}