{"www.tickld.com":"fun","slickdeals.net":"other","tamas.azurewebsites.net":"work","news.hiphopearly.com":"hobby","mcdonough.az1.qualtrics.com":"work","www.furaffinity.net":"fun","banking.chase.com":"work","\/C:":"other","store.playstation.com":"fun","dkr1.ssisurveys.com":"work","www.google.co.uk":"other","www.mturkgrind.com":"work","www.cymath.com":"work","forum.xda-developers.com":"hobby","www.babyblog.ru":"work","arstechnica.com":"hobby","play.google.com":"fun","oxfordanthropology.eu.qualtrics.com":"work","www.google.com.ua":"work","wustlpsych.az1.qualtrics.com":"work","www.imdb.com":"fun","enbdev.com":"work","novaposhta.ua":"other","greasyfork.org":"work","www.trymyui.com":"work","www.emuparadise.me":"fun","kellogg.qualtrics.com":"work","www.ravelry.com":"hobby","www.yahoo.com":"work","www.dpdough.com":"other","oaklandpsychology.az1.qualtrics.com":"fun","stocktwits.com":"work","www.gamersnexus.net":"hobby","rochester.craigslist.org":"hobby","www.zillow.com":"other","www.facebook.com":"fun","www.collegefootballmetrics.com":"hobby","guestwifi.kingsborough.edu":"other","portland.craigslist.org":"other","korysno.pro":"hobby","www.yourpersonality.net":"fun","web.a.ebscohost.com.ezproxy.lib.utexas.edu":"work","marypyc.com":"hobby","harvard.az1.qualtrics.com":"work","www.papajohns.com":"other","www.wwtdd.com":"fun","www.sephora.com":"other","www.prepaidcodecenter.com":"work","ccpexpt.wustl.edu":"work","ambrosiaforheads.com":"hobby","wharton.qualtrics.com":"work","www.mturk.com":"work","www.giantbomb.com":"fun","www.southwest.com":"fun","www.blackhatworld.com":"work","mangadoom.co":"fun","www.ikea.com":"other","www.ign.com":"fun","www.walmart.com":"other","pensacola.craigslist.org":"fun","movietv.to":"fun","forums.nexusmods.com":"fun","my.ebay.com":"work","ob.dcecu.org":"work","www.pornhub.com":"fun","camfuze.com":"fun","secure3.surveynetwork.com":"work","www.netflix.com":"fun","unu.ai":"work","www.rotoworld.com":"hobby","ww3.unipark.de":"work","teacherready.studereducation.net":"work","mobile.craigslist.org":"fun","postimg.org":"fun","www.gamefaqs.com":"fun","www.picmonkey.com":"fun","www.abbywinters.com":"fun","support.amd.com":"other","www.ownedcore.com":"fun","www.dropbox.com":"other","www.nexusmods.com":"fun","saginaw.craigslist.org":"fun","chaseonline.chase.com":"work","www.chase.com":"other","cartwheel-secure.target.com":"hobby","broadcasthe.net":"fun","thepiratebay.gd":"fun","chicagobooth.az1.qualtrics.com":"work","www.nuklearpower.com":"fun","www.sherdog.com":"hobby","imymelvin.tumblr.com":"other","www.wineverygame.com":"work","www.wikiwand.com":"hobby","nyustern.az1.qualtrics.com":"work","mill.southwestern.edu:9191":"work","www.qualityhealth.com":"work","olx.ua":"other","perceptsconcepts.psych.indiana.edu":"hobby","nest.testbirds.com":"work","www.paypal.com":"fun","us-mg204.mail.yahoo.com":"other","e621.net":"fun","us-mg4.mail.yahoo.com":"work","www.tomshardware.com":"fun","www.crateandbarrel.com":"other","www.voprosnik.ru":"work","mail.google.com":"other","www.pcgamesn.com":"fun","www.playstation.com":"fun","scrabblewordfinder.org":"hobby","www.amzreviewtrader.com":"other","www.penny-arcade.com":"hobby","www.louisianaworks.net":"other","www.instagram.com":"fun","kinobody.com":"hobby","developer.android.com":"work","www.fyndly.com":"hobby","www.anonymox.net":"other","www.squarespace.com":"other","www.couchsurfing.com":"fun","www.zapals.com":"other","vimeo.com":"fun","universityofalabama.az1.qualtrics.com":"fun","www.looksharp.com":"work","soundcloud.com":"hobby","www.curse.com":"fun","www.victoriassecret.com":"other","dm.ugamsolutions.com":"other","mycourses.lsue.edu":"work","www.fantasyfootballmetrics.com":"hobby","www.just-eat.co.uk":"other","taking10.blogspot.com":"other","dragonage.wikia.com":"hobby","www.points2shop.com":"hobby","www.snagajob.com":"work","swfchan.com":"fun","denver.craigslist.org":"fun","www.soscisurvey.de":"work","funds.gofundme.com":"hobby","play.pocketcasts.com":"fun","survey-na.researchnow.com":"work","forum.kodi.tv":"fun","rozetka.com.ua":"other","www.barnesandnoble.com":"work","thepiratebay.mn":"fun","www.mrpen.co.uk":"hobby","rainmeter.deviantart.com":"other","questionablecontent.net":"fun","crystal-cure.com":"hobby","angelus2603.tumblr.com":"fun","online.bbvacompass.com":"work","1d4chan.org":"hobby","ets.az1.qualtrics.com":"work","wildcritters.ws":"fun","tikimovies.com":"fun","www.alternatehistory.com":"hobby","www.groupon.com":"other","store.steampowered.com":"fun","serbamf.tumblr.com":"fun","plus.google.com":"other","www.lolnexus.com":"fun","elab.business.colostate.edu":"work","www.mangatown.com":"fun","www.feralhosting.com":"fun","www.weartv.com":"fun","www.dailykos.com":"hobby","groceries.asda.com":"other","voicebunny.s3.amazonaws.com":"work","forums.daybreakgames.com":"hobby","www.eldorado.com.ua":"other","10.1.1.1":"other","gfycat.com":"fun","genius.com":"other","www.codecademy.com":"work","www.iheart.com":"fun","secure.ccbg.com":"work","www.documentingreality.com":"fun","www.linkedin.com":"other","www.indeed.com":"work","create.studiod.com":"work","www.pandora.com":"fun","www.mangahere.co":"fun","storytelling.azurewebsites.net":"fun","www.bestbuy.com":"fun","duckduckgo.com":"work","vulcun.com":"fun","kat.cr":"fun","www.otohits.net":"other","video.search.yahoo.com":"hobby","thepiratebay.vg":"other","crunchify.com":"other","silenthillcommunity.com":"hobby","www.wickedclothes.com":"fun","www.twitch.tv":"fun","www.ekomed.org.ua":"other","passthepopcorn.me":"fun","mturkforum.com":"hobby","www.neogaf.com":"fun","www.starzplay.com":"hobby","fit4brain.com":"hobby","notalwaysright.com":"fun","kdp.amazon.com":"work","www.forever21.com":"other","play.spotify.com":"fun","helen-colby.com":"work","uclinnovation.eu.qualtrics.com":"other","online.rccf.ua":"work","providence.taleo.net":"work","www.featuredrentals.com":"other","upload.xvideos.com":"other","edit.yahoo.com":"work","www.kallos.com":"fun","notalwaysfriendly.com":"fun","ssd.az1.qualtrics.com":"hobby","us-mg6.mail.yahoo.com":"work","www.sears.com":"fun","www.kmart.com":"other","thebot.net":"other","app.youeye.com":"work","www.scribd.com":"hobby","wingsoverrochester.foodtecsolutions.com":"other","www.pro-football-reference.com":"hobby","web.stevens.edu":"fun","silenthillforum.com":"hobby","saginaw.backpage.com":"fun","www.cbssports.com":"hobby","surveymyopinion.researchnow.com":"work","www.datpiff.com":"fun","klbibkeccnjlkjkiokjodocebajanakg":"other","forum.bodybuilding.com":"hobby","www.baby.ru":"hobby","secure.serve.com":"other","www.yelp.com":"hobby","www.etsy.com":"fun","surveys.qualtrics.com":"work","www.themuse.com":"fun","generalassemb.ly":"hobby","careers-healthresearch.icims.com":"work","web.b.ebscohost.com.ezproxy.lib.utexas.edu":"work","www.extrapetite.com":"hobby","www.target.com":"other","www.contestgirl.com":"hobby","uclacommunications.az1.qualtrics.com":"other","freebiesfrenzy.com":"hobby","www.thenorthface.com":"other","www.ulta.com":"other","www.theverge.com":"fun","sellercentral.amazon.com":"work","ru.wikipedia.org":"work","www.cnn.com":"fun","order.pizzahut.com":"fun","my.rochester.edu":"work","gyazo.com":"other","us.glock.com":"hobby","www.escambiaclerk.com":"hobby","www.usertesting.com":"work","tilburgss.co1.qualtrics.com":"fun","onexp.textstrukturen.uni-goettingen.de":"work","www.youpornmate.com":"fun","www.gofundme.com":"fun","tm.poly.edu":"work","hitgrabber.net":"work","www.pineconeresearch.com":"other","requester.mturk.com":"work","tools.usps.com":"other","work.onespace.com":"work","www.fiverr.com":"work","uofrathletics.com":"fun","www.fandango.com":"fun","www.repjerseys.ru":"other","app.whatusersdo.com":"work","ww2.unipark.de":"work","docs.google.com":"work","postimage.org":"fun","momentarily.polyvore.com":"hobby","freerice.com":"other","instantwatcher.com":"fun","www.majorgeeks.com":"other","app.plex.tv":"fun","www.promptfile.com":"fun","www.tradingview.com":"work","www.att.com":"other","online.americanexpress.com":"other","faq.wwr.mobi":"hobby","mashable.com":"fun","survey.co1.qualtrics.com":"work","home.wellsfargoadvisors.com":"other","www3.onlinecreditcenter6.com":"other","www.sputnikmusic.com":"hobby","www.messenger.com":"fun","engl393-dnd5th.wikia.com":"fun","anilinkz.tv":"fun","triolan.name":"other","www.hotukdeals.com":"other","payments.amazon.com":"work","www.listotic.com":"other","us.battle.net":"fun","ru.savefrom.net":"work","www.luckybrand.com":"other","vk.com":"fun","www.buzzfeed.com":"fun","bt.rozetka.com.ua":"other","www.reddit.com":"fun","loondust.tumblr.com":"fun","www.survey-executiveboard.com":"work","walking-war-robots.wikia.com":"hobby","www.dominos.com":"other","reflectedinyoureyes.tumblr.com":"fun","web121.udp.com":"fun","youtalktrash.com":"fun","www.glassdoor.com":"work","www.rochester.edu":"work","www.gamestop.com":"fun","mega.nz":"fun","sports.yahoo.com":"fun","www.united.com":"other","www.thesaurus.com":"work","www.qvc.com":"fun","kaplanresearch.qualtrics.com":"work","www.urbanoutfitters.com":"fun","xxxbunker.com":"fun","www.totallytarget.com":"hobby","www.precisionsample.com":"other","www.tmz.com":"fun","www.predictwallstreet.com":"work","web70.gfk.com":"other","andrewhudsonsjobslist.com":"work","www.drudgereport.com":"fun","www.samsclub.com":"other","login.live.com":"work","nielsenwebsurveys.com":"work","thepiratebay.se":"fun","grimoirechallenge.tumblr.com":"hobby","www.pacsun.com":"other","www.delish.com":"work","www.redtube.com":"fun","jjlee2.github.io":"hobby","confirmit.ssisurveys.com":"work","chaturbate.com":"fun","www.peopleperhour.com":"work","www.cogfog.com":"fun","notalwayslearning.com":"fun","tourbar.com":"fun","app.surveygizmo.com":"work","www.schoola.com":"other","dnd.wizards.com":"fun","soc.decipherinc.com":"other","umich.qualtrics.com":"work","accounts.google.com":"work","www.nfl.com":"hobby","football.fantasysports.yahoo.com":"fun","gorillavid.in":"fun","www.beatport.com":"hobby","www.bankofamerica.com":"other","survey.jodyb.net":"work","tabletki.ua":"other","masha-kids.com":"other","outlook.live.com":"work","www.fountainpennetwork.com":"hobby","childsupport.state.fl.us":"work","thepiratebay.la":"fun","cjpalhdlnbpafiamejdnhcphjbkeiagm":"other","stanfordgsb.qualtrics.com":"work","www.crowdwish.com":"hobby","what.cd":"fun","m.neogaf.com":"fun","www.research.net":"fun","circuits.generalassemb.ly":"hobby","forum.step-project.com":"fun","fantasynamegenerators.com":"hobby","www.sokanu.com":"fun","www.wowhead.com":"fun","agrius.feralhosting.com":"hobby","kenyon.co1.qualtrics.com":"work","dhdgffkkebhmkfjojejmpbldmpobfkfo":"other","insead.qualtrics.com":"work","www.jackinthebox.com":"fun","www.anthropologie.com":"other","www.google.com":"other","www.infinitesweeps.com":"hobby","niggermania.net":"fun","wowpopular.com":"fun","privat24.privatbank.ua":"other","www.swagbucks.com":"other","shop.nordstrom.com":"other","www.liveleak.com":"fun","www.tipsubmit.com":"hobby","careers.regeneron.com":"work","yerdle.com":"other","www.mtggoldfish.com":"hobby","encrypted.google.com":"fun","www.amazon.com":"fun","nationalgisurvey.com":"work","applynow.bcg.com":"work","www.pof.com":"other","www.bangkokroughguide.info":"hobby","ukrreal.info":"hobby","trello.com":"work","mturkgrind.com":"work","www.newegg.com":"fun","thewatchseries.to":"fun","www.poptropica.com":"other","www.uniqlo.com":"other","www.wikiorgcharts.com":"work","ss.ktrmr.com":"other","fawsum.com":"hobby","memdart.com":"work","arbyforum.boards.net":"fun","surveys.pollg.com":"other","answers.yahoo.com":"work","gate.aon.com":"hobby","www.surveymonkey.com":"work","www.speechpad.com":"work","allrecipes.com":"other","koc.qualtrics.com":"work","bleacherreport.com":"fun","www.schwans.com":"other","www.soapqueen.com":"hobby","otvet.mail.ru":"work","www.analysia.com":"work","ok.ru":"fun","vine.co":"fun","www.cobizmag.com":"work","fivethirtyeight.com":"hobby","www.povarenok.ru":"hobby","person.ancestry.com":"fun","notalwaysworking.com":"fun","healthyposition.com":"hobby","www.wayfair.com":"other","reg.bigbucksurveys.com":"work","www.davidsbridal.com":"other","jet.com":"other","fetlife.com":"fun","app.roll20.net":"hobby","snu.az1.qualtrics.com":"other","www.surveygizmo.com":"work","www.doba.com":"other","hw.reddit.com":"fun","www.bareescentuals.com":"fun","notalwaysromantic.com":"fun","netted.net":"fun","en.wikipedia.org":"fun","oregon.qualtrics.com":"hobby","drive.google.com":"work","research.bus.ualberta.ca":"work","www.snopes.com":"other","admirable.co":"other","www.3dsiso.com":"fun","www.windstreamonline.com":"other","speed-dial.ru":"work","colostate.instructure.com":"work","upwork.expertrating.com":"work","www.surveypolice.com":"other","www.investopedia.com":"work","www.pinterest.com":"fun","www.brambleberry.com":"hobby","userbob.com":"work","www.xvideos.com":"fun","www.msn.com":"other","\/D:":"other","forums.plex.tv":"hobby","boards.4chan.org":"fun","studies.sticky.ad":"work","www.unipark.de":"other","columbia.az1.qualtrics.com":"hobby","www.photofeeler.com":"work","www.vistaprint.com":"work","www.zappos.com":"fun","data-collector.insight-out.com":"other","prv.tutor.com":"work","www.eporner.com":"fun","www.w3schools.com":"hobby","wsubusiness.qualtrics.com":"work","www.themagickalcat.com":"hobby","eye.swfchan.com":"fun","www.allbyjohn.com":"fun","pcpartpicker.com":"fun","www.dailymotion.com":"fun","www.upwork.com":"work","securustech.net":"other","www.ccbg.com":"work","nl.xhamster.com":"fun","inmatelookup.myescambia.com":"other","www7.intellisurvey.com":"work","u.eq2wire.com":"hobby","www.gaiaonline.com":"fun","plixid.com":"fun","www.tetrisfriends.com":"fun","www.tumblr.com":"fun","www.tesgeneral.com":"hobby","sweeps.aarp.org":"fun","www.d20pfsrd.com":"hobby","gbatemp.net":"hobby","uvacommscience.qualtrics.com":"other","g.e-hentai.org":"fun","cafe-cp.dcfs.la.gov":"work","www.weather.com":"other","businessprinting.van.fedex.com":"work","www.hearthpwn.com":"fun","tasvideos.org":"hobby","www.si.com":"fun","eslpersonalbanking.esl.org":"other","www.tabelog.us":"work","ipglab.co1.qualtrics.com":"work","www.lovenotfound.com":"fun","www.insightexpress.com":"other","cgu.co1.qualtrics.com":"work","trees.ancestry.com":"fun","strength.stack52.com":"hobby","shou.tv":"hobby","uwstout.qualtrics.com":"work","wiki.step-project.com":"hobby","cds.bestquotes.com":"fun","sherlock.whatbarco.de":"hobby","www.tesco.com":"other","www.co-optimus.com":"hobby","www.happythanksgathering.com":"hobby","col130.mail.live.com":"other","curology.com":"other","www.unc.edu":"work","www.shopyourway.com":"other","www.synevo.ua":"other","www.everquest2.com":"hobby","r6g5l3c8.optimalworkshop.com":"work","www.stormfront.org":"fun","ahouse.forumotion.com":"fun","www.xnxx.com":"fun","www.flickr.com":"fun","www.inboxdollars.com":"other","www.cvs.com":"other","www.gethybrid.io":"hobby","elliquiy.com":"hobby","steamcommunity.com":"fun","www.phantompilots.com":"hobby","www.doctorofcredit.com":"other","www.accuweather.com":"fun","www.tripadvisor.com":"fun","www.coupons.com":"hobby","10.1.1.117":"other","www.onlinefitnesslog.com":"other","labs.openstax.org":"work","github.com":"fun","payments.chase.com":"other","www.pussyspace.com":"fun","imgur.com":"fun","www.hulu.com":"fun","www.crossmap.com":"other","www.otzaychika.com.ua":"other","shaq.world":"fun","www.bleepingcomputer.com":"other","paizo.com":"hobby","www.ebay.com":"fun","gre.magoosh.com":"work","prod.uhrs.playmsn.com":"work","www.online-sweepstakes.com":"hobby","anon-ib.la":"other","www.dc.state.fl.us":"hobby","www.builtincolorado.com":"other","www.vporn.com":"hobby","www.maybe.ru":"fun","www.cia.gov":"other","spankbang.com":"fun","www.discounttire.com":"other","iwantmyname.com":"work","www.polyvore.com":"hobby","www.primewire.ag":"fun","www.goatbots.com":"hobby","www.moosejaw.com":"other","tvtropes.org":"hobby","apps.facebook.com":"fun","upenn.co1.qualtrics.com":"hobby","www.net10.com":"other","123movies.to":"fun","www.mturkcrowd.com":"work","192.168.1.6:8182":"hobby","app01.csats.com":"hobby","www.tellwut.com":"other","co1.qualtrics.com":"other","meijermadness.com":"hobby","interactivepython.org":"work","www.zimbio.com":"fun","stanforduniversity.qualtrics.com":"work","bpmcpldpdmajfigpchkicefoigmkfalc":"other","www.snagshout.com":"other","galaxylegion.com":"fun","eq2.zam.com":"hobby","vid.me":"fun","www.youtube.com":"fun","espn.go.com":"hobby","weatherspark.com":"other","hbs.qualtrics.com":"work","erasmusrim.eu.qualtrics.com":"work","www.walterfootball.com":"hobby","www.houzz.com":"fun","notalwaysrelated.com":"fun","192.168.1.10:9394":"other","apply.chase.com":"work","thenextweb.com":"hobby","fafsa.ed.gov":"work","smile.amazon.com":"other","otakukart.com":"fun","sjobs.brassring.com":"work","www.usasexguide.info":"hobby","xhamster.com":"fun","www.dickssportinggoods.com":"other","rochester.joinhandshake.com":"work","www.websyndic.com":"other","paidviewpoint.com":"work","utsabusiness.qualtrics.com":"work","yale.qualtrics.com":"work","turkopticon.ucsd.edu":"work","club.teambeachbody.com":"hobby","eid.colostate.edu":"work","jsfiddle.net":"work","www.cricketwireless.com":"other","s3.amazonaws.com":"work","www.bathandbodyworks.com":"other","huckberry.com":"other","shibidp.colostate.edu":"work","eq2.wikia.com":"hobby","www.martemodena.com":"hobby","www.prolific.ac":"work","bestreams.net":"fun","i.imgur.com":"fun","twitter.com":"fun","www.icy-veins.com":"fun","autoinsurance1.progressivedirect.com":"other","community.qvc.com":"fun","news.google.com":"fun","cibng.ibanking-services.com":"other","www.midfirst.com":"other","www.huffingtonpost.com":"hobby","www.vocabulary.com":"work","ballerinafleur.tumblr.com":"fun","thekrazycouponlady.com":"hobby","webreg.its.rochester.edu":"work","mylabs.px.pearsoned.com":"work","www.armstrongeconomics.com":"work","www.4research.net":"other","albany.craigslist.org":"other","olinbusiness.ut1.qualtrics.com":"work","www.residentinsure.com":"other","api.highcharts.com":"hobby","jacqueline-lee.com":"hobby","www.inkworksfc.com":"work","twitpic.com":"fun","studysoup.com":"work","www.dawgshed.com":"fun","www.briskfile.com":"fun","classicpensinc.com":"hobby","securereg3.prometric.com":"other","hip2save.com":"hobby","stackoverflow.com":"hobby","prolific.ac":"work","www.privat24.ua":"other","www.getitfree.us":"fun","chrome.google.com":"other","www.wikihow.com":"work","www.amd.com":"other","purdue.qualtrics.com":"work","wwwapps.ups.com":"other","ask.fm":"fun","u18chan.com":"fun","www.tohosting.tk":"fun","www.mygreatlakes.org":"work","www.raspberrypi.org":"hobby","www.samplicio.us":"work","feedback.ebay.com":"other","www.virtualassistantjobs.com":"work","comfy.ua":"work","cams.com":"fun","inbox.google.com":"other","forums.online-sweepstakes.com":"hobby","www.careers-in-finance.com":"work","my1.equityapartments.com":"other","giphy.com":"fun","unipark.de":"work","moodle.southwestern.edu":"work","www.espnfc.com":"fun","surveys.lab42.com":"work","www.deviantart.com":"hobby","outlook.office.com":"other","oddshot.tv":"fun","us20.chatzy.com":"hobby","www.dolldivine.com":"fun","tcforums.com":"hobby","www.bing.com":"fun","www.draftinsider.net":"hobby","watchwrestling.to":"fun","youpornmate.com":"fun","www.city-data.com":"other","donjon.bin.sh":"hobby"}
